[Continents et pays]
	Afrique
		{Africa}
		Afrique du Sud
			{South Africa}
			{ZA}
			{ZAF}
		Algérie
			{Algeria}
			{DZ}
			{DZA}
		Angola
			{AO}
			{AGO}
		Bénin
			{Benin}
			{BJ}
			{BEN}
		Botswana
			{BW}
			{BWA}
		Burkina Faso
			{BF}
			{BFS}
		Burundi
			{BI}
			{BDI}
		Cameroun
			{Cameroon}
			{CM}
			{CMR}
		Cap-Vert
			{Cape Verde}
			{CV}
			{CPV}
		Comores
			{Comoros}
			{KM}
			{COM}
		Côte d'Ivoire
			{Ivory Coast}
			{CI}
			{CIV}
		Djibouti
			{DJ}
			{DJI}
		Égypte
			{Egypt}
			{EG}
			{EGY}
		Érythrée
			{Eritrea}
			{ER}
			{ERI}
		Éthiopie
			{Ethiopia}
			{ET}
			{ETH}
		Gabon
			{GA}
			{GAB}
		Gambie
			{Gambia}
			{GM}
			{GMB}
		Ghana
			{GH}
			{GHA}
		Guinée
			{Guinea}
			{GN}
			{GIN}
		Guinée équatoriale
			{Equatorial Guinea}
			{GQ}
			{GNQ}
		Guinée-Bissau
			{Guinea-Bissau}
			{GW}
			{GNB}
		Kenya
			{KE}
			{KEN}
		Lesotho
			{LS}
			{LSO}
		Liberia
			{LR}
			{LBR}
		Libye
			{Libya}
			{LY}
			{LBY}
		Madagascar
			{MG}
			{MDG}
		Malawi
			{MW}
			{MWI}
		Mali
			{ML}
			{MLI}
		Maroc
			{Morocco}
			{MA}
			{MAR}
		Maurice
			{Île Maurice}
			{Mauritius}
			{MU}
			{MUS}
		Mauritanie
			{Mauritania}
			{MR}
			{MRT}
		Mozambique
			{Mozambique}
			{MZ}
			{MOZ}
		Namibie
			{Namibia}
			{NA}
			{NAM}
		Niger
			{NE}
			{NER}
		Nigeria
			{NG}
			{NGA}
		Ouganda
			{Uganda}
			{UG}
			{UGA}
		Pount
			{Puntland}
		République arabe sahraouie démocratique
			{Sahrawi Arab Democratic Republic}
		République centrafricaine
			{Central African Republic}
			{CF}
			{CAF}
		République démocratique du Congo
			{The Democratic Republic of the Congo}
			{CD}
			{COD}
		République du Congo
			{Congo}
			{Congo-Brazzaville}
			{CD}
			{COG}
		Rwanda
			{RW}
			{RWA}
		Sao Tomé-et-Principe
			{Sao Tome and Principe}
			{SR}
			{STP}
		Sénégal
			{SN}
			{SEN}
		Seychelles
			{SC}
			{SYC}
		Sierra Leone
			{SL}
			{SLE}
		Somalie
			{Somalia}
			{SO}
			{SOM}
		Somaliland
		Soudan
			{Sudan}
			{SD}
			{SDN}
		Soudan du Sud
			{South Sudan}
			{SS}
			{SSD}
		Swaziland
			{SZ}
			{SWZ}
		Tanzanie
			{Tanzania}
			{TZ}
			{TZA}
		Tchad
			{Chad}
			{TD}
			{TCD}
		Togo
			{TG}
			{TGO}
		Tunisie
			{Tunisia}
			{TN}
			{TUN}
		Zambie
			{Zambia}
			{ZM}
			{ZMB}
		Zimbabwe
			{ZW}
			{ZWE}
	Amérique
		{America}
		Antigua-et-Barbuda
		Argentine
			{Argentina}
			{AR}
			{ARG}
		Bahamas
			{BS}
			{BHS}
		Barbade
			{Barbados}
			{BB}
			{BRB}
		Belize
			{BZ}
			{BLZ}
		Bolivie
			{Bolivia}
			{BO}
			{BOL}
		Brésil
			{Brazil}
			{BR}
			{BRA}
			Acre
			Alagoas
			Amapá
			Amazonas
			Bahia
			Ceará
			Distrito Federal
			Espírito Santo
			Goiás
			Maranhão
			Mato Grosso
			Mato Grosso do Sul
			Minas Gerais
			Pará
			Paraíba
			Paraná
			Pernambuco
			Piauí
			Rio de Janeiro
			Rio Grande do Norte
			Rio Grande do Sul
			Rondônia
			Roraima
			Santa Catarina
			São Paulo
			Sergipe
			Tocantins
		Canada
			{CA}
			{CAN}
			Alberta
				{AB}
				Edmonton
			Colombie-Britannique
				{Brithish Columbia}
				{BC}
				Victoria
			Île-du-Prince-Édouard
				{P.E.I.}
				{Pince Edouard Island}
				{PE}
				Charlottetown
			Manitoba
				{MB}
				Winnipeg
			Nouveau-Brunswick
				{New Brunswick}
				{NB}
				Fredericton
			Nouvelle-Écosse
				{Pince Edouard Island}
				{NS}
				Halifax	
			Nunavut
				{NU}
				Iqaluit	
			Ontario
				{ON}
				Toronto	
			Québec
				{Quebec}
				{Province de Québec}
				{QC}
				Québec
					{Quebec}
				Montréal
					{Montreal}
				Alma
				Baie-Comeau
				Blainville
				Boisbriand
				Boucherville
				Brossard
				Chambly
				Châteauguay
				Côte-Saint-Luc
				Dollard-Des Ormeaux
				Drummondville
				Gatineau
				Granby
				Kirkland
				La Prairie
				Laval
				Lévis
				Longueuil
				Magog
				Mascouche
				Mirabel
				Pointe-Claire
				Québec
				Repentigny
				Rimouski
				Rouyn-Noranda
				Saguenay
				Saint-Bruno-de-Montarville
				Saint-Constant
				Saint-Eustache
				Saint-Georges
				Saint-Hyacinthe
				Saint-Jean-sur-Richelieu
				Saint-Jérôme
				Saint-Lambert
				Sainte-Julie
				Sainte-Thérèse
				Salaberry-de-Valleyfield
				Sept-Îles
				Shawinigan
				Sherbrooke
				Sorel-Tracy
				Terrebonne
				Thetford Mines
				Trois-Rivières
				Val-d'Or
				Varennes
				Vaudreuil-Dorion
				Victoriaville
			Saskatchewan
				{SK}
				Regina
			Terre-Neuve-et-Labrador
				{Newfoudland & Labrador}
				{Newfoudland}
				{Labrador}
				{NL}
				Saint-Jean
					{St. John’s}
			Territoires-du-Nord-Ouest
				{Norhwest Territories}
				{NT}
				Yellowknife
			Yukon
				{YT}
				Whitehorse
		Chili
			{Chile}
			{CL}
			{CHL}
		Colombie
			{Colombia}
			{CO}
			{COL}
		Costa Rica
			{CR}
			{CRI}
		Cuba
			{CU}
			{CUB}
		Dominique
			{Dominica}
			{DM}
			{DMA}
		Équateur
			{Ecuador}
			{EC}
			{ECU}
		États-Unis
			{États-Unis d'Amérique}
			{United States}
			{United States of America}
			{US}
			{USA}
			Alabama
				{AL}
				Autauga County
				Baldwin County
				Barbour County
				Bibb County
				Blount County
				Bullock County
				Butler County
				Calhoun County
				Chambers County
				Cherokee County
				Chilton County
				Choctaw County
				Clarke County
				Clay County
				Cleburne County
				Coffee County
				Colbert County
				Conecuh County
				Coosa County
				Covington County
				Crenshaw County
				Cullman County
				Dale County
				Dallas County
				DeKalb County
				Elmore County
				Escambia County
				Etowah County
				Fayette County
				Franklin County
				Geneva County
				Greene County
				Hale County
				Henry County
				Houston County
				Jackson County
				Jefferson County
				Lamar County
				Lauderdale County
				Lawrence County
				Lee County
				Limestone County
				Lowndes County
				Macon County
				Madison County
				Marengo County
				Marion County
				Marshall County
				Mobile County
				Monroe County
				Montgomery County
				Morgan County
				Perry County
				Pickens County
				Pike County
				Randolph County
				Russell County
				Shelby County
				St. Clair County
				Sumter County
				Talladega County
				Tallapoosa County
				Tuscaloosa County
				Walker County
				Washington County
				Wilcox County
				Winston County
			Alaska
				{AK}
				Anchorage Borough
				Bethel Census Area
				Bristol Bay Borough
				Dillingham Census Area
				Fairbanks North Star Borough
				Haines Borough
				Juneau Borough
				Kenai Peninsula Borough
				Ketchikan Gateway Borough
				Kodiak Island Borough
				Matanuska-Susitna Borough
				Nome Census Area
				North Slope Borough
				Prince of Wales-Outer Ketchikan Census A
				Sitka Borough
				Skagway-Hoonah-Angoon Census Area
				Southeast Fairbanks Census Area
				Valdez-Cordova Census Area
				Wade Hampton Census Area
				Wrangell-Petersburg Census Area
				Yakutat Borough
				Yukon-Koyukuk Census Area
			Arizona
				{AZ}
				Apache County
				Cochise County
				Coconino County
				Gila County
				Graham County
				Greenlee County
				La Paz County
				Maricopa County
				Mohave County
				Navajo County
				Pima County
				Pinal County
				Santa Cruz County
				Yavapai County
				Yuma County
			Arkansas
				{AR}
				Arkansas County
				Ashley County
				Baxter County
				Benton County
				Boone County
				Bradley County
				Calhoun County
				Carroll County
				Chicot County
				Clark County
				Clay County
				Cleburne County
				Cleveland County
				Columbia County
				Conway County
				Craighead County
				Crawford County
				Crittenden County
				Cross County
				Dallas County
				Desha County
				Drew County
				Faulkner County
				Franklin County
				Fulton County
				Garland County
				Grant County
				Greene County
				Hempstead County
				Hot Spring County
				Howard County
				Independence County
				Izard County
				Jackson County
				Jefferson County
				Johnson County
				Lafayette County
				Lawrence County
				Lee County
				Lincoln County
				Little River County
				Logan County
				Lonoke County
				Madison County
				Marion County
				Miller County
				Mississippi County
				Monroe County
				Montgomery County
				Nevada County
				Newton County
				Ouachita County
				Perry County
				Phillips County
				Pike County
				Poinsett County
				Polk County
				Pope County
				Prairie County
				Pulaski County
				Randolph County
				Saline County
				Scott County
				Searcy County
				Sebastian County
				Sevier County
				Sharp County
				St. Francis County
				Stone County
				Union County
				Van Buren County
				Washington County
				White County
				Woodruff County
				Yell County
			Californie
				{CA}
				{California}
				Alameda County
				Alpine County
				Amador County
				Butte County
				Calaveras County
				Colusa County
				Contra Costa County
				Del Norte County
				El Dorado County
				Fresno County
				Glenn County
				Humboldt County
				Imperial County
				Inyo County
				Kern County
				Kings County
				Lake County
				Lassen County
				Los Angeles County
				Madera County
				Marin County
				Mariposa County
				Mendocino County
				Merced County
				Modoc County
				Mono County
				Monterey County
				Napa County
				Nevada County
				Orange County
				Placer County
				Plumas County
				Riverside County
				Sacramento County
				San Benito County
				San Bernardino County
				San Diego County
				San Francisco County
				San Joaquin County
				San Luis Obispo County
				San Mateo County
				Santa Barbara County
				Santa Clara County
				Santa Cruz County
				Shasta County
				Sierra County
				Siskiyou County
				Solano County
				Sonoma County
				Stanislaus County
				Sutter County
				Tehama County
				Trinity County
				Tulare County
				Tuolumne County
				Ventura County
				Yolo County
				Yuba County
			Caroline du Nord
				{NC}
				{North Carolina}
				Alamance County
				Alexander County
				Alleghany County
				Anson County
				Ashe County
				Avery County
				Beaufort County
				Bertie County
				Bladen County
				Brunswick County
				Buncombe County
				Burke County
				Cabarrus County
				Caldwell County
				Camden County
				Carteret County
				Caswell County
				Catawba County
				Chatham County
				Cherokee County
				Chowan County
				Clay County
				Cleveland County
				Columbus County
				Craven County
				Cumberland County
				Currituck County
				Dare County
				Davidson County
				Davie County
				Duplin County
				Durham County
				Edgecombe County
				Forsyth County
				Franklin County
				Gaston County
				Gates County
				Graham County
				Granville County
				Greene County
				Guilford County
				Halifax County
				Harnett County
				Haywood County
				Henderson County
				Hertford County
				Hoke County
				Hyde County
				Iredell County
				Jackson County
				Johnston County
				Jones County
				Lee County
				Lenoir County
				Lincoln County
				Macon County
				Madison County
				Martin County
				McDowell County
				Mecklenburg County
				Mitchell County
				Montgomery County
				Moore County
				Nash County
				New Hanover County
				Northampton County
				Onslow County
				Orange County
				Pamlico County
				Pasquotank County
				Pender County
				Perquimans County
				Person County
				Pitt County
				Polk County
				Randolph County
				Richmond County
				Robeson County
				Rockingham County
				Rowan County
				Rutherford County
				Sampson County
				Scotland County
				Stanly County
				Stokes County
				Surry County
				Swain County
				Transylvania County
				Tyrrell County
				Union County
				Vance County
				Wake County
				Warren County
				Washington County
				Watauga County
				Wayne County
				Wilkes County
				Wilson County
				Yadkin County
				Yancey County
			Caroline du Sud
				{SC}
				{South Carolina}
				Abbeville County
				Aiken County
				Allendale County
				Anderson County
				Bamberg County
				Barnwell County
				Beaufort County
				Berkeley County
				Calhoun County
				Charleston County
				Cherokee County
				Chester County
				Chesterfield County
				Clarendon County
				Colleton County
				Darlington County
				Dillon County
				Dorchester County
				Edgefield County
				Fairfield County
				Florence County
				Georgetown County
				Greenville County
				Greenwood County
				Hampton County
				Horry County
				Jasper County
				Kershaw County
				Lancaster County
				Laurens County
				Lee County
				Lexington County
				Marion County
				Marlboro County
				McCormick County
				Newberry County
				Oconee County
				Orangeburg County
				Pickens County
				Richland County
				Saluda County
				Spartanburg County
				Sumter County
				Union County
				Williamsburg County
				York County
			Colorado
				{CO}
				Adams County
				Alamosa County
				Arapahoe County
				Archuleta County
				Baca County
				Bent County
				Boulder County
				Broomfield County
				Chaffee County
				Cheyenne County
				Clear Creek County
				Conejos County
				Costilla County
				Crowley County
				Custer County
				Delta County
				Denver County
				Dolores County
				Douglas County
				Eagle County
				El Paso County
				Elbert County
				Fremont County
				Garfield County
				Gilpin County
				Grand County
				Gunnison County
				Hinsdale County
				Huerfano County
				Jackson County
				Jefferson County
				Kiowa County
				Kit Carson County
				La Plata County
				Lake County
				Larimer County
				Las Animas County
				Lincoln County
				Logan County
				Mesa County
				Mineral County
				Moffat County
				Montezuma County
				Montrose County
				Morgan County
				Otero County
				Ouray County
				Park County
				Phillips County
				Pitkin County
				Prowers County
				Pueblo County
				Rio Blanco County
				Rio Grande County
				Routt County
				Saguache County
				San Juan County
				San Miguel County
				Sedgwick County
				Summit County
				Teller County
				Washington County
				Weld County
				Yuma County
			Connecticut
				{CT}
				Fairfield County
				Hartford County
				Litchfield County
				Middlesex County
				New Haven County
				New London County
				Tolland County
				Windham County
			Dakota du Nord
				{ND}
				{North Dakota}
				Adams County
				Barnes County
				Benson County
				Billings County
				Bottineau County
				Bowman County
				Burke County
				Burleigh County
				Cass County
				Cavalier County
				Dickey County
				Divide County
				Dunn County
				Eddy County
				Emmons County
				Foster County
				Golden Valley County
				Grand Forks County
				Grant County
				Griggs County
				Hettinger County
				Kidder County
				LaMoure County
				Logan County
				McHenry County
				McIntosh County
				McKenzie County
				McLean County
				Mercer County
				Morton County
				Mountrail County
				Nelson County
				Oliver County
				Pembina County
				Pierce County
				Ramsey County
				Ransom County
				Renville County
				Richland County
				Rolette County
				Sargent County
				Sheridan County
				Sioux County
				Slope County
				Stark County
				Steele County
				Stutsman County
				Towner County
				Traill County
				Walsh County
				Ward County
				Wells County
				Williams County
			Dakota du Sud
				{SD}
				{South Dakota}
				Aurora County
				Beadle County
				Bennett County
				Bon Homme County
				Brookings County
				Brown County
				Brule County
				Buffalo County
				Butte County
				Campbell County
				Charles Mix County
				Clark County
				Clay County
				Codington County
				Corson County
				Custer County
				Davison County
				Day County
				Deuel County
				Dewey County
				Douglas County
				Edmunds County
				Fall River County
				Faulk County
				Grant County
				Gregory County
				Haakon County
				Hamlin County
				Hand County
				Hanson County
				Harding County
				Hughes County
				Hutchinson County
				Hyde County
				Jackson County
				Jerauld County
				Jones County
				Kingsbury County
				Lake County
				Lawrence County
				Lincoln County
				Lyman County
				Marshall County
				McCook County
				McPherson County
				Meade County
				Mellette County
				Miner County
				Minnehaha County
				Moody County
				Pennington County
				Perkins County
				Potter County
				Roberts County
				Sanborn County
				Shannon County
				Spink County
				Stanley County
				Sully County
				Todd County
				Tripp County
				Turner County
				Union County
				Walworth County
				Yankton County
				Ziebach County
			Delaware
				{DE}
				Kent County
				New Castle County
				Sussex County
			Floride
				{FL}
				{Florida}
				Alachua County
				Baker County
				Bay County
				Bradford County
				Brevard County
				Broward County
				Calhoun County
				Charlotte County
				Citrus County
				Clay County
				Collier County
				Columbia County
				DeSoto County
				Dixie County
				Duval County
				Escambia County
				Flagler County
				Franklin County
				Gadsden County
				Gilchrist County
				Glades County
				Gulf County
				Hamilton County
				Hardee County
				Hendry County
				Hernando County
				Highlands County
				Hillsborough County
				Holmes County
				Indian River County
				Jackson County
				Jefferson County
				Lafayette County
				Lake County
				Lee County
				Leon County
				Levy County
				Liberty County
				Madison County
				Manatee County
				Marion County
				Martin County
				Miami-Dade County
				Monroe County
				Nassau County
				Okaloosa County
				Okeechobee County
				Orange County
				Osceola County
				Palm Beach County
				Pasco County
				Pinellas County
				Polk County
				Putnam County
				Santa Rosa County
				Sarasota County
				Seminole County
				St. Johns County
				St. Lucie County
				Sumter County
				Suwannee County
				Taylor County
				Union County
				Volusia County
				Wakulla County
				Walton County
				Washington County
			Georgie
				{GA}
				{Georgia}
				Appling County
				Atkinson County
				Bacon County
				Baker County
				Baldwin County
				Banks County
				Barrow County
				Bartow County
				Ben Hill County
				Berrien County
				Bibb County
				Bleckley County
				Brantley County
				Brooks County
				Bryan County
				Bulloch County
				Burke County
				Butts County
				Calhoun County
				Camden County
				Candler County
				Carroll County
				Catoosa County
				Charlton County
				Chatham County
				Chattahoochee County
				Chattooga County
				Cherokee County
				Clarke County
				Clay County
				Clayton County
				Clinch County
				Cobb County
				Coffee County
				Colquitt County
				Columbia County
				Cook County
				Coweta County
				Crawford County
				Crisp County
				Dade County
				Dawson County
				Decatur County
				DeKalb County
				Dodge County
				Dooly County
				Dougherty County
				Douglas County
				Early County
				Echols County
				Effingham County
				Elbert County
				Emanuel County
				Evans County
				Fannin County
				Fayette County
				Floyd County
				Forsyth County
				Franklin County
				Fulton County
				Gilmer County
				Glascock County
				Glynn County
				Gordon County
				Grady County
				Greene County
				Gwinnett County
				Habersham County
				Hall County
				Hancock County
				Haralson County
				Harris County
				Hart County
				Heard County
				Henry County
				Houston County
				Irwin County
				Jackson County
				Jasper County
				Jeff Davis County
				Jefferson County
				Jenkins County
				Johnson County
				Jones County
				Lamar County
				Lanier County
				Laurens County
				Lee County
				Liberty County
				Lincoln County
				Long County
				Lowndes County
				Lumpkin County
				Macon County
				Madison County
				Marion County
				McDuffie County
				McIntosh County
				Meriwether County
				Miller County
				Mitchell County
				Monroe County
				Montgomery County
				Morgan County
				Murray County
				Muscogee County
				Newton County
				Oconee County
				Oglethorpe County
				Paulding County
				Peach County
				Pickens County
				Pierce County
				Pike County
				Polk County
				Pulaski County
				Putnam County
				Quitman County
				Rabun County
				Randolph County
				Richmond County
				Rockdale County
				Schley County
				Screven County
				Seminole County
				Spalding County
				Stephens County
				Stewart County
				Sumter County
				Talbot County
				Taliaferro County
				Tattnall County
				Taylor County
				Telfair County
				Terrell County
				Thomas County
				Tift County
				Toombs County
				Towns County
				Treutlen County
				Troup County
				Turner County
				Twiggs County
				Union County
				Upson County
				Walker County
				Walton County
				Ware County
				Warren County
				Washington County
				Wayne County
				Webster County
				Wheeler County
				White County
				Whitfield County
				Wilcox County
				Wilkes County
				Wilkinson County
				Worth County
			Hawaï
				{HI}
				Hawaii County
				Honolulu County
				Kalawao County
				Kauai County
				Maui County
			Idaho
				{ID}
				Ada County
				Adams County
				Bannock County
				Bear Lake County
				Benewah County
				Bingham County
				Blaine County
				Boise County
				Bonner County
				Bonneville County
				Boundary County
				Butte County
				Camas County
				Canyon County
				Caribou County
				Cassia County
				Clark County
				Clearwater County
				Custer County
				Elmore County
				Franklin County
				Fremont County
				Gem County
				Gooding County
				Idaho County
				Jefferson County
				Jerome County
				Kootenai County
				Latah County
				Lemhi County
				Lewis County
				Lincoln County
				Madison County
				Minidoka County
				Nez Perce County
				Oneida County
				Owyhee County
				Payette County
				Power County
				Shoshone County
				Teton County
				Twin Falls County
				Valley County
				Washington County
			Illinois
				{IL}
				Adams County
				Alexander County
				Bond County
				Boone County
				Brown County
				Bureau County
				Calhoun County
				Carroll County
				Cass County
				Champaign County
				Christian County
				Clark County
				Clay County
				Clinton County
				Coles County
				Cook County
				Crawford County
				Cumberland County
				De Witt County
				DeKalb County
				Douglas County
				DuPage County
				Edgar County
				Edwards County
				Effingham County
				Fayette County
				Ford County
				Franklin County
				Fulton County
				Gallatin County
				Greene County
				Grundy County
				Hamilton County
				Hancock County
				Hardin County
				Henderson County
				Henry County
				Iroquois County
				Jackson County
				Jasper County
				Jefferson County
				Jersey County
				Jo Daviess County
				Johnson County
				Kane County
				Kankakee County
				Kendall County
				Knox County
				La Salle County
				Lake County
				Lawrence County
				Lee County
				Livingston County
				Logan County
				Macon County
				Macoupin County
				Madison County
				Marion County
				Marshall County
				Mason County
				Massac County
				McDonough County
				McHenry County
				McLean County
				Menard County
				Mercer County
				Monroe County
				Montgomery County
				Morgan County
				Moultrie County
				Ogle County
				Peoria County
				Perry County
				Piatt County
				Pike County
				Pope County
				Pulaski County
				Putnam County
				Randolph County
				Richland County
				Rock Island County
				Saline County
				Sangamon County
				Schuyler County
				Scott County
				Shelby County
				St. Clair County
				Stark County
				Stephenson County
				Tazewell County
				Union County
				Vermilion County
				Wabash County
				Warren County
				Washington County
				Wayne County
				White County
				Whiteside County
				Will County
				Williamson County
				Winnebago County
				Woodford County
			Indiana
				{IN}
				Adams County
				Allen County
				Bartholomew County
				Benton County
				Blackford County
				Boone County
				Brown County
				Carroll County
				Cass County
				Clark County
				Clay County
				Clinton County
				Crawford County
				Daviess County
				De Kalb County
				Dearborn County
				Decatur County
				Delaware County
				Dubois County
				Elkhart County
				Fayette County
				Floyd County
				Fountain County
				Franklin County
				Fulton County
				Gibson County
				Grant County
				Greene County
				Hamilton County
				Hancock County
				Harrison County
				Hendricks County
				Henry County
				Howard County
				Huntington County
				Jackson County
				Jasper County
				Jay County
				Jefferson County
				Jennings County
				Johnson County
				Knox County
				Kosciusko County
				La Porte County
				Lagrange County
				Lake County
				Lawrence County
				Madison County
				Marion County
				Marshall County
				Martin County
				Miami County
				Monroe County
				Montgomery County
				Morgan County
				Newton County
				Noble County
				Ohio County
				Orange County
				Owen County
				Parke County
				Perry County
				Pike County
				Porter County
				Posey County
				Pulaski County
				Putnam County
				Randolph County
				Ripley County
				Rush County
				Scott County
				Shelby County
				Spencer County
				St. Joseph County
				Starke County
				Steuben County
				Sullivan County
				Switzerland County
				Tippecanoe County
				Tipton County
				Union County
				Vanderburgh County
				Vermillion County
				Vigo County
				Wabash County
				Warren County
				Warrick County
				Washington County
				Wayne County
				Wells County
				White County
				Whitley County
			Iowa
				{IA}
				Adair County
				Adams County
				Allamakee County
				Appanoose County
				Audubon County
				Benton County
				Black Hawk County
				Boone County
				Bremer County
				Buchanan County
				Buena Vista County
				Butler County
				Calhoun County
				Carroll County
				Cass County
				Cedar County
				Cerro Gordo County
				Cherokee County
				Chickasaw County
				Clarke County
				Clay County
				Clayton County
				Clinton County
				Crawford County
				Dallas County
				Davis County
				Decatur County
				Delaware County
				Des Moines County
				Dickinson County
				Dubuque County
				Emmet County
				Fayette County
				Floyd County
				Franklin County
				Fremont County
				Greene County
				Grundy County
				Guthrie County
				Hamilton County
				Hancock County
				Hardin County
				Harrison County
				Henry County
				Howard County
				Humboldt County
				Ida County
				Iowa County
				Jackson County
				Jasper County
				Jefferson County
				Johnson County
				Jones County
				Keokuk County
				Kossuth County
				Lee County
				Linn County
				Louisa County
				Lucas County
				Lyon County
				Madison County
				Mahaska County
				Marion County
				Marshall County
				Mills County
				Mitchell County
				Monona County
				Monroe County
				Montgomery County
				Muscatine County
				O'Brien County
				Osceola County
				Page County
				Palo Alto County
				Plymouth County
				Pocahontas County
				Polk County
				Pottawattamie County
				Poweshiek County
				Ringgold County
				Sac County
				Scott County
				Shelby County
				Sioux County
				Story County
				Tama County
				Taylor County
				Union County
				Van Buren County
				Wapello County
				Warren County
				Washington County
				Wayne County
				Webster County
				Winnebago County
				Winneshiek County
				Woodbury County
				Worth County
				Wright County
			Kansas
				{KS}
				Allen County
				Anderson County
				Atchison County
				Barber County
				Barton County
				Bourbon County
				Brown County
				Butler County
				Chase County
				Chautauqua County
				Cherokee County
				Cheyenne County
				Clark County
				Clay County
				Cloud County
				Coffey County
				Comanche County
				Cowley County
				Crawford County
				Decatur County
				Dickinson County
				Doniphan County
				Douglas County
				Edwards County
				Elk County
				Ellis County
				Ellsworth County
				Finney County
				Ford County
				Franklin County
				Geary County
				Gove County
				Graham County
				Grant County
				Gray County
				Greeley County
				Greenwood County
				Hamilton County
				Harper County
				Harvey County
				Haskell County
				Hodgeman County
				Jackson County
				Jefferson County
				Jewell County
				Johnson County
				Kearny County
				Kingman County
				Kiowa County
				Labette County
				Lane County
				Leavenworth County
				Lincoln County
				Linn County
				Logan County
				Lyon County
				Marion County
				Marshall County
				McPherson County
				Meade County
				Miami County
				Mitchell County
				Montgomery County
				Morris County
				Morton County
				Nemaha County
				Neosho County
				Ness County
				Norton County
				Osage County
				Osborne County
				Ottawa County
				Pawnee County
				Phillips County
				Pottawatomie County
				Pratt County
				Rawlins County
				Reno County
				Republic County
				Rice County
				Riley County
				Rooks County
				Rush County
				Russell County
				Saline County
				Scott County
				Sedgwick County
				Seward County
				Shawnee County
				Sheridan County
				Sherman County
				Smith County
				Stafford County
				Stanton County
				Stevens County
				Sumner County
				Thomas County
				Trego County
				Wabaunsee County
				Wallace County
				Washington County
				Wichita County
				Wilson County
				Woodson County
				Wyandotte County
			Kentucky
				{KY}
				Adair County
				Allen County
				Anderson County
				Ballard County
				Barren County
				Bath County
				Bell County
				Boone County
				Bourbon County
				Boyd County
				Boyle County
				Bracken County
				Breathitt County
				Breckenridge County
				Bullitt County
				Butler County
				Caldwell County
				Calloway County
				Campbell County
				Carlisle County
				Carroll County
				Carter County
				Casey County
				Christian County
				Clark County
				Clay County
				Clinton County
				Crittenden County
				Cumberland County
				Daviess County
				Edmonson County
				Elliott County
				Estill County
				Fayette County
				Fleming County
				Floyd County
				Franklin County
				Fulton County
				Gallatin County
				Garrard County
				Grant County
				Graves County
				Grayson County
				Green County
				Greenup County
				Hancock County
				Hardin County
				Harlan County
				Harrison County
				Hart County
				Henderson County
				Henry County
				Hickman County
				Hopkins County
				Jackson County
				Jefferson County
				Jessamine County
				Johnson County
				Kenton County
				Knott County
				Knox County
				Larue County
				Laurel County
				Lawrence County
				Lee County
				Leslie County
				Letcher County
				Lewis County
				Lincoln County
				Livingston County
				Logan County
				Lyon County
				Madison County
				Magoffin County
				Marion County
				Marshall County
				Martin County
				Mason County
				McCracken County
				McCreary County
				McLean County
				Meade County
				Menifee County
				Mercer County
				Metcalfe County
				Monroe County
				Montgomery County
				Morgan County
				Muhlenberg County
				Nelson County
				Nicholas County
				Ohio County
				Oldham County
				Owen County
				Owsley County
				Pendleton County
				Perry County
				Pike County
				Powell County
				Pulaski County
				Robertson County
				Rockcastle County
				Rowan County
				Russell County
				Scott County
				Shelby County
				Simpson County
				Spencer County
				Taylor County
				Todd County
				Trigg County
				Trimble County
				Union County
				Warren County
				Washington County
				Wayne County
				Webster County
				Whitley County
				Wolfe County
				Woodford County
			Louisiane
				{LA}
				{Louisiana}
				Acadia Parish
				Allen Parish
				Ascension Parish
				Assumption Parish
				Avoyelles Parish
				Beauregard Parish
				Bienville Parish
				Bossier Parish
				Caddo Parish
				Calcasieu Parish
				Caldwell Parish
				Cameron Parish
				Catahoula Parish
				Claiborne Parish
				Concordia Parish
				De Soto Parish
				East Baton Rouge Parish
				East Carroll Parish
				East Feliciana Parish
				Evangeline Parish
				Franklin Parish
				Grant Parish
				Iberia Parish
				Iberville Parish
				Jackson Parish
				Jefferson Davis Parish
				Jefferson Parish
				La Salle Parish
				Lafayette Parish
				Lafourche Parish
				Lincoln Parish
				Livingston Parish
				Madison Parish
				Morehouse Parish
				Natchitoches Parish
				Orleans Parish
				Ouachita Parish
				Plaquemines Parish
				Pointe Coupee Parish
				Rapides Parish
				Red River Parish
				Richland Parish
				Sabine Parish
				Saint Bernard Parish
				Saint Charles Parish
				Saint Helena Parish
				Saint James Parish
				Saint John the Baptist Parish
				Saint Landry Parish
				Saint Martin Parish
				Saint Mary Parish
				Saint Tammany Parish
				Tangipahoa Parish
				Tensas Parish
				Terrebonne Parish
				Union Parish
				Vermilion Parish
				Vernon Parish
				Washington Parish
				Webster Parish
				West Baton Rouge Parish
				West Carroll Parish
				West Feliciana Parish
				Winn Parish
			Maine
				{ME}
				Androscoggin County
				Aroostook County
				Cumberland County
				Franklin County
				Hancock County
				Kennebec County
				Knox County
				Lincoln County
				Oxford County
				Penobscot County
				Piscataquis County
				Sagadahoc County
				Somerset County
				Waldo County
				Washington County
				York County
			Maryland
				{MD}
				Allegany County
				Anne Arundel County
				Baltimore City
				Baltimore County
				Calvert County
				Caroline County
				Carroll County
				Cecil County
				Charles County
				Dorchester County
				Frederick County
				Garrett County
				Harford County
				Howard County
				Kent County
				Montgomery County
				Prince George's County
				Queen Anne's County
				Somerset County
				St. Mary's County
				Talbot County
				Washington County
				Wicomico County
				Worcester County
			Massachusetts
				{MA}
				Barnstable County
				Berkshire County
				Bristol County
				Dukes County
				Essex County
				Franklin County
				Hampden County
				Hampshire County
				Middlesex County
				Nantucket County
				Norfolk County
				Plymouth County
				Suffolk County
				Worcester County
			Michigan
				{MI}
				Alcona County
				Alger County
				Allegan County
				Alpena County
				Antrim County
				Arenac County
				Baraga County
				Barry County
				Bay County
				Benzie County
				Berrien County
				Branch County
				Calhoun County
				Cass County
				Charlevoix County
				Cheboygan County
				Chippewa County
				Clare County
				Clinton County
				Crawford County
				Delta County
				Dickinson County
				Eaton County
				Emmet County
				Genesee County
				Gladwin County
				Gogebic County
				Grand Traverse County
				Gratiot County
				Hillsdale County
				Houghton County
				Huron County
				Ingham County
				Ionia County
				Iosco County
				Iron County
				Isabella County
				Jackson County
				Kalamazoo County
				Kalkaska County
				Kent County
				Keweenaw County
				Lake County
				Lapeer County
				Leelanau County
				Lenawee County
				Livingston County
				Luce County
				Mackinac County
				Macomb County
				Manistee County
				Marquette County
				Mason County
				Mecosta County
				Menominee County
				Midland County
				Missaukee County
				Monroe County
				Montcalm County
				Montmorency County
				Muskegon County
				Newaygo County
				Oakland County
				Oceana County
				Ogemaw County
				Ontonagon County
				Osceola County
				Oscoda County
				Otsego County
				Ottawa County
				Presque Isle County
				Roscommon County
				Saginaw County
				Sanilac County
				Schoolcraft County
				Shiawassee County
				St. Clair County
				St. Joseph County
				Tuscola County
				Van Buren County
				Washtenaw County
				Wayne County
				Wexford County
			Minnesota
				{MN}
				Aitkin County
				Anoka County
				Becker County
				Beltrami County
				Benton County
				Big Stone County
				Blue Earth County
				Brown County
				Carlton County
				Carver County
				Cass County
				Chippewa County
				Chisago County
				Clay County
				Clearwater County
				Cook County
				Cottonwood County
				Crow Wing County
				Dakota County
				Dodge County
				Douglas County
				Faribault County
				Fillmore County
				Freeborn County
				Goodhue County
				Grant County
				Hennepin County
				Houston County
				Hubbard County
				Isanti County
				Itasca County
				Jackson County
				Kanabec County
				Kandiyohi County
				Kittson County
				Koochiching County
				Lac qui Parle County
				Lake of the Woods County
				Lake County
				Le Sueur County
				Lincoln County
				Lyon County
				Mahnomen County
				Marshall County
				Martin County
				McLeod County
				Meeker County
				Mille Lacs County
				Morrison County
				Mower County
				Murray County
				Nicollet County
				Nobles County
				Norman County
				Olmsted County
				Otter Tail County
				Pennington County
				Pine County
				Pipestone County
				Polk County
				Pope County
				Ramsey County
				Red Lake County
				Redwood County
				Renville County
				Rice County
				Rock County
				Roseau County
				Scott County
				Sherburne County
				Sibley County
				St. Louis County
				Stearns County
				Steele County
				Stevens County
				Swift County
				Todd County
				Traverse County
				Wabasha County
				Wadena County
				Waseca County
				Washington County
				Watonwan County
				Wilkin County
				Winona County
				Wright County
				Yellow Medicine County
			Mississippi
				{MS}
				Adams County
				Alcorn County
				Amite County
				Attala County
				Benton County
				Bolivar County
				Calhoun County
				Carroll County
				Chickasaw County
				Choctaw County
				Claiborne County
				Clarke County
				Clay County
				Coahoma County
				Copiah County
				Covington County
				DeSoto County
				Forrest County
				Franklin County
				George County
				Greene County
				Grenada County
				Hancock County
				Harrison County
				Hinds County
				Holmes County
				Humphreys County
				Issaquena County
				Itawamba County
				Jackson County
				Jasper County
				Jefferson County
				Jefferson Davis County
				Jones County
				Kemper County
				Lafayette County
				Lamar County
				Lauderdale County
				Lawrence County
				Leake County
				Lee County
				Leflore County
				Lincoln County
				Lowndes County
				Madison County
				Marion County
				Marshall County
				Monroe County
				Montgomery County
				Neshoba County
				Newton County
				Noxubee County
				Oktibbeha County
				Panola County
				Pearl River County
				Perry County
				Pike County
				Pontotoc County
				Prentiss County
				Quitman County
				Rankin County
				Scott County
				Sharkey County
				Simpson County
				Smith County
				Stone County
				Sunflower County
				Tallahatchie County
				Tate County
				Tippah County
				Tishomingo County
				Tunica County
				Union County
				Walthall County
				Warren County
				Washington County
				Wayne County
				Webster County
				Wilkinson County
				Winston County
				Yalobusha County
				Yazoo County
			Missouri
				{MO}
				Adair County
				Andrew County
				Atchison County
				Audrain County
				Barry County
				Barton County
				Bates County
				Benton County
				Bollinger County
				Boone County
				Buchanan County
				Butler County
				Caldwell County
				Callaway County
				Camden County
				Cape Girardeau County
				Carroll County
				Carter County
				Cass County
				Cedar County
				Chariton County
				Christian County
				Clark County
				Clay County
				Clinton County
				Cole County
				Cooper County
				Crawford County
				Dade County
				Dallas County
				Daviess County
				Dent County
				DeKalb County
				Douglas County
				Dunklin County
				Franklin County
				Gasconade County
				Gentry County
				Greene County
				Grundy County
				Harrison County
				Henry County
				Hickory County
				Holt County
				Howard County
				Howell County
				Iron County
				Jackson County
				Jasper County
				Jefferson County
				Johnson County
				Knox County
				Laclede County
				Lafayette County
				Lawrence County
				Lewis County
				Lincoln County
				Linn County
				Livingston County
				Macon County
				Madison County
				Maries County
				Marion County
				McDonald County
				Mercer County
				Miller County
				Mississippi County
				Moniteau County
				Monroe County
				Montgomery County
				Morgan County
				New Madrid County
				Newton County
				Nodaway County
				Oregon County
				Osage County
				Ozark County
				Pemiscot County
				Perry County
				Pettis County
				Phelps County
				Pike County
				Platte County
				Polk County
				Pulaski County
				Putnam County
				Ralls County
				Randolph County
				Ray County
				Reynolds County
				Ripley County
				Saline County
				Schuyler County
				Scotland County
				Scott County
				Shannon County
				Shelby County
				Saint Charles County
				Saint Clair County
				Saint Francois County
				Saint Louis city
				Saint Louis County
				Sainte  Genevieve County
				Stoddard County
				Stone County
				Sullivan County
				Taney County
				Texas County
				Vernon County
				Warren County
				Washington County
				Wayne County
				Webster County
				Worth County
				Wright County
			Montana
				{MT}
				Beaverhead County
				Big Horn County
				Blaine County
				Broadwater County
				Carbon County
				Carter County
				Cascade County
				Chouteau County
				Custer County
				Daniels County
				Dawson County
				Deer Lodge County
				Fallon County
				Fergus County
				Flathead County
				Gallatin County
				Garfield County
				Glacier County
				Golden Valley County
				Granite County
				Hill County
				Jefferson County
				Judith Basin County
				Lake County
				Lewis and Clark County
				Liberty County
				Lincoln County
				Madison County
				McCone County
				Meagher County
				Mineral County
				Missoula County
				Musselshell County
				Park County
				Petroleum County
				Phillips County
				Pondera County
				Powder River County
				Powell County
				Prairie County
				Ravalli County
				Richland County
				Roosevelt County
				Rosebud County
				Sanders County
				Sheridan County
				Silver Bow County
				Stillwater County
				Sweet Grass County
				Teton County
				Toole County
				Treasure County
				Valley County
				Wheatland County
				Wibaux County
				Yellowstone County
			Nebraska
				{NE}
				Adams County
				Antelope County
				Arthur County
				Banner County
				Blaine County
				Boone County
				Box Butte County
				Boyd County
				Brown County
				Buffalo County
				Burt County
				Butler County
				Cass County
				Cedar County
				Chase County
				Cherry County
				Cheyenne County
				Clay County
				Colfax County
				Cuming County
				Custer County
				Dakota County
				Dawes County
				Dawson County
				Deuel County
				Dixon County
				Dodge County
				Douglas County
				Dundy County
				Fillmore County
				Franklin County
				Frontier County
				Furnas County
				Gage County
				Garden County
				Garfield County
				Gosper County
				Grant County
				Greeley County
				Hall County
				Hamilton County
				Harlan County
				Hayes County
				Hitchcock County
				Holt County
				Hooker County
				Howard County
				Jefferson County
				Johnson County
				Kearney County
				Keith County
				Keya Paha County
				Kimball County
				Knox County
				Lancaster County
				Lincoln County
				Logan County
				Loup County
				Madison County
				McPherson County
				Merrick County
				Morrill County
				Nance County
				Nemaha County
				Nuckolls County
				Otoe County
				Pawnee County
				Perkins County
				Phelps County
				Pierce County
				Platte County
				Polk County
				Red Willow County
				Richardson County
				Rock County
				Saline County
				Sarpy County
				Saunders County
				Scotts Bluff County
				Seward County
				Sheridan County
				Sherman County
				Sioux County
				Stanton County
				Thayer County
				Thomas County
				Thurston County
				Valley County
				Washington County
				Wayne County
				Webster County
				Wheeler County
				York County
			Nevada
				{NV}
				Churchill County
				Clark County
				Douglas County
				Elko County
				Esmeralda County
				Eureka County
				Humboldt County
				Lander County
				Lincoln County
				Lyon County
				Mineral County
				Nye County
				Pershing County
				Storey County
				Washoe County
				White Pine County
			New Hampshire
				{NH}
				Belknap County
				Carroll County
				Cheshire County
				Coos County
				Grafton County
				Hillsboro County
				Merrimack County
				Rockingham County
				Strafford County
				Sullivan County
			New Jersey
				{NJ}
				Atlantic County
				Bergen County
				Burlington County
				Camden County
				Cape May County
				Cumberland County
				Essex County
				Gloucester County
				Hudson County
				Hunterdon County
				Mercer County
				Middlesex County
				Monmouth County
				Morris County
				Ocean County
				Passaic County
				Salem County
				Somerset County
				Sussex County
				Union County
				Warren County
			New York
				{NY}
				Albany County
				Allegany County
				Bronx County
				Broome County
				Cattaraugus County
				Cayuga County
				Chautauqua County
				Chemung County
				Chenango County
				Clinton County
				Columbia County
				Cortland County
				Delaware County
				Dutchess County
				Erie County
				Essex County
				Franklin County
				Fulton County
				Genesee County
				Greene County
				Hamilton County
				Herkimer County
				Jefferson County
				Kings County
				Lewis County
				Livingston County
				Madison County
				Monroe County
				Montgomery County
				Nassau County
				New York County
				Niagara County
				Oneida County
				Onondaga County
				Ontario County
				Orange County
				Orleans County
				Oswego County
				Otsego County
				Putnam County
				Queens County
				Rensselaer County
				Richmond County
				Rockland County
				Saratoga County
				Schenectady County
				Schoharie County
				Schuyler County
				Seneca County
				St. Lawrence County
				Steuben County
				Suffolk County
				Sullivan County
				Tioga County
				Tompkins County
				Ulster County
				Warren County
				Washington County
				Wayne County
				Westchester County
				Wyoming County
				Yates County
			Nouveau Mexique
				{NM}
				{New Mexico}
				Bernalillo County
				Catron County
				Chaves County
				Cibola County
				Colfax County
				Curry County
				DeBaca County
				Dona Ana County
				Eddy County
				Grant County
				Guadalupe County
				Harding County
				Hidalgo County
				Lea County
				Lincoln County
				Los Alamos County
				Luna County
				McKinley County
				Mora County
				Otero County
				Quay County
				Rio Arriba County
				Roosevelt County
				San Juan County
				San Miguel County
				Sandoval County
				Santa Fe County
				Sierra County
				Socorro County
				Taos County
				Torrance County
				Union County
				Valencia County
			Ohio
				{OH}
				Adams County
				Allen County
				Ashland County
				Ashtabula County
				Athens County
				Auglaize County
				Belmont County
				Brown County
				Butler County
				Carroll County
				Champaign County
				Clark County
				Clermont County
				Clinton County
				Columbiana County
				Coshocton County
				Crawford County
				Cuyahoga County
				Darke County
				Defiance County
				Delaware County
				Erie County
				Fairfield County
				Fayette County
				Franklin County
				Fulton County
				Gallia County
				Geauga County
				Greene County
				Guernsey County
				Hamilton County
				Hancock County
				Hardin County
				Harrison County
				Henry County
				Highland County
				Hocking County
				Holmes County
				Huron County
				Jackson County
				Jefferson County
				Knox County
				Lake County
				Lawrence County
				Licking County
				Logan County
				Lorain County
				Lucas County
				Madison County
				Mahoning County
				Marion County
				Medina County
				Meigs County
				Mercer County
				Miami County
				Monroe County
				Montgomery County
				Morgan County
				Morrow County
				Muskingum County
				Noble County
				Ottawa County
				Paulding County
				Perry County
				Pickaway County
				Pike County
				Portage County
				Preble County
				Putnam County
				Richland County
				Ross County
				Sandusky County
				Scioto County
				Seneca County
				Shelby County
				Stark County
				Summit County
				Trumbull County
				Tuscarawas County
				Union County
				Van Wert County
				Vinton County
				Warren County
				Washington County
				Wayne County
				Williams County
				Wood County
				Wyandot County
			Oklahoma
				{OK}
				Adair County
				Alfalfa County
				Atoka County
				Beaver County
				Beckham County
				Blaine County
				Bryan County
				Caddo County
				Canadian County
				Carter County
				Cherokee County
				Choctaw County
				Cimarron County
				Cleveland County
				Coal County
				Comanche County
				Cotton County
				Craig County
				Creek County
				Custer County
				Delaware County
				Dewey County
				Ellis County
				Garfield County
				Garvin County
				Grady County
				Grant County
				Greer County
				Harmon County
				Harper County
				Haskell County
				Hughes County
				Jackson County
				Jefferson County
				Johnston County
				Kay County
				Kingfisher County
				Kiowa County
				Latimer County
				Le Flore County
				Lincoln County
				Logan County
				Love County
				Major County
				Marshall County
				Mayes County
				McClain County
				McCurtain County
				McIntosh County
				Murray County
				Muskogee County
				Noble County
				Nowata County
				Okfuskee County
				Oklahoma County
				Okmulgee County
				Osage County
				Ottawa County
				Pawnee County
				Payne County
				Pittsburg County
				Pontotoc County
				Pottawatomie County
				Pushmataha County
				Roger Mills County
				Rogers County
				Seminole County
				Sequoyah County
				Stephens County
				Texas County
				Tillman County
				Tulsa County
				Wagoner County
				Washington County
				Washita County
				Woods County
				Woodward County
			Oregon
				{OR}
				Baker County
				Benton County
				Clackamas County
				Clatsop County
				Columbia County
				Coos County
				Crook County
				Curry County
				Deschutes County
				Douglas County
				Gilliam County
				Grant County
				Harney County
				Hood River County
				Jackson County
				Jefferson County
				Josephine County
				Klamath County
				Lake County
				Lane County
				Lincoln County
				Linn County
				Malheur County
				Marion County
				Morrow County
				Multnomah County
				Polk County
				Sherman County
				Tillamook County
				Umatilla County
				Union County
				Wallowa County
				Wasco County
				Washington County
				Wheeler County
				Yamhill County
			Pennsylvanie
				{PA}
				{Pennsylvania}
				Adams County
				Allegheny County
				Armstrong County
				Beaver County
				Bedford County
				Berks County
				Blair County
				Bradford County
				Bucks County
				Butler County
				Cambria County
				Cameron County
				Carbon County
				Centre County
				Chester County
				Clarion County
				Clearfield County
				Clinton County
				Columbia County
				Crawford County
				Cumberland County
				Dauphin County
				Delaware County
				Elk County
				Erie County
				Fayette County
				Forest County
				Franklin County
				Fulton County
				Greene County
				Huntingdon County
				Indiana County
				Jefferson County
				Juniata County
				Lackawanna County
				Lancaster County
				Lawrence County
				Lebanon County
				Lehigh County
				Luzerne County
				Lycoming County
				McKean County
				Mercer County
				Mifflin County
				Monroe County
				Montgomery County
				Montour County
				Northampton County
				Northumberland County
				Perry County
				Philadelphia County
				Pike County
				Potter County
				Schuylkill County
				Snyder County
				Somerset County
				Sullivan County
				Susquehanna County
				Tioga County
				Union County
				Venango County
				Warren County
				Washington County
				Wayne County
				Westmoreland County
				Wyoming County
				York County
			Rhode Island
				{RI}
				Bristol County
				Kent County
				Newport County
				Providence County
				Washington County
			Tennessee
				{TN}
				Anderson County
				Bedford County
				Benton County
				Bledsoe County
				Blount County
				Bradley County
				Campbell County
				Cannon County
				Carroll County
				Carter County
				Cheatham County
				Chester County
				Claiborne County
				Clay County
				Cocke County
				Coffee County
				Crockett County
				Cumberland County
				Davidson County
				Decatur County
				DeKalb County
				Dickson County
				Dyer County
				Fayette County
				Fentress County
				Franklin County
				Gibson County
				Giles County
				Grainger County
				Greene County
				Grundy County
				Hamblen County
				Hamilton County
				Hancock County
				Hardeman County
				Hardin County
				Hawkins County
				Haywood County
				Henderson County
				Henry County
				Hickman County
				Houston County
				Humphreys County
				Jackson County
				Jefferson County
				Johnson County
				Knox County
				Lake County
				Lauderdale County
				Lawrence County
				Lewis County
				Lincoln County
				Loudon County
				Macon County
				Madison County
				Marion County
				Marshall County
				Maury County
				McMinn County
				McNairy County
				Meigs County
				Monroe County
				Montgomery County
				Moore County
				Morgan County
				Obion County
				Overton County
				Perry County
				Pickett County
				Polk County
				Putnam County
				Rhea County
				Roane County
				Robertson County
				Rutherford County
				Scott County
				Sequatchie County
				Sevier County
				Shelby County
				Smith County
				Stewart County
				Sullivan County
				Sumner County
				Tipton County
				Trousdale County
				Unicoi County
				Union County
				Van Buren County
				Warren County
				Washington County
				Wayne County
				Weakley County
				White County
				Williamson County
				Wilson County
			Texas
				{TX}
				Anderson County
				Andrews County
				Angelina County
				Aransas County
				Archer County
				Armstrong County
				Atascosa County
				Austin County
				Bailey County
				Bandera County
				Bastrop County
				Baylor County
				Bee County
				Bell County
				Bexar County
				Blanco County
				Borden County
				Bosque County
				Bowie County
				Brazoria County
				Brazos County
				Brewster County
				Briscoe County
				Brooks County
				Brown County
				Burleson County
				Burnet County
				Caldwell County
				Calhoun County
				Callahan County
				Cameron County
				Camp County
				Carson County
				Cass County
				Castro County
				Chambers County
				Cherokee County
				Childress County
				Clay County
				Cochran County
				Coke County
				Coleman County
				Collin County
				Collingsworth County
				Colorado County
				Comal County
				Comanche County
				Concho County
				Cooke County
				Coryell County
				Cottle County
				Crane County
				Crockett County
				Crosby County
				Culberson County
				Dallam County
				Dallas County
				Dawson County
				Deaf Smith County
				Delta County
				Denton County
				DeWitt County
				Dickens County
				Dimmit County
				Donley County
				Duval County
				Eastland County
				Ector County
				Edwards County
				El Paso County
				Ellis County
				Erath County
				Falls County
				Fannin County
				Fayette County
				Fisher County
				Floyd County
				Foard County
				Fort Bend County
				Franklin County
				Freestone County
				Frio County
				Gaines County
				Galveston County
				Garza County
				Gillespie County
				Glasscock County
				Goliad County
				Gonzales County
				Gray County
				Grayson County
				Gregg County
				Grimes County
				Guadalupe County
				Hale County
				Hall County
				Hamilton County
				Hansford County
				Hardeman County
				Hardin County
				Harris County
				Harrison County
				Hartley County
				Haskell County
				Hays County
				Hemphill County
				Henderson County
				Hidalgo County
				Hill County
				Hockley County
				Hood County
				Hopkins County
				Houston County
				Howard County
				Hudspeth County
				Hunt County
				Hutchinson County
				Irion County
				Jack County
				Jackson County
				Jasper County
				Jeff Davis County
				Jefferson County
				Jim Hogg County
				Jim Wells County
				Johnson County
				Jones County
				Karnes County
				Kaufman County
				Kendall County
				Kenedy County
				Kent County
				Kerr County
				Kimble County
				King County
				Kinney County
				Kleberg County
				Knox County
				La Salle County
				Lamar County
				Lamb County
				Lampasas County
				Lavaca County
				Lee County
				Leon County
				Liberty County
				Limestone County
				Lipscomb County
				Live Oak County
				Llano County
				Loving County
				Lubbock County
				Lynn County
				Madison County
				Marion County
				Martin County
				Mason County
				Matagorda County
				Maverick County
				McCulloch County
				McLennan County
				McMullen County
				Medina County
				Menard County
				Midland County
				Milam County
				Mills County
				Mitchell County
				Montague County
				Montgomery County
				Moore County
				Morris County
				Motley County
				Nacogdoches County
				Navarro County
				Newton County
				Nolan County
				Nueces County
				Ochiltree County
				Oldham County
				Orange County
				Palo Pinto County
				Panola County
				Parker County
				Parmer County
				Pecos County
				Polk County
				Potter County
				Presidio County
				Rains County
				Randall County
				Reagan County
				Real County
				Red River County
				Reeves County
				Refugio County
				Roberts County
				Robertson County
				Rockwall County
				Runnels County
				Rusk County
				Sabine County
				San Augustine County
				San Jacinto County
				San Patricio County
				San Saba County
				Schleicher County
				Scurry County
				Shackelford County
				Shelby County
				Sherman County
				Smith County
				Somervell County
				Starr County
				Stephens County
				Sterling County
				Stonewall County
				Sutton County
				Swisher County
				Tarrant County
				Taylor County
				Terrell County
				Terry County
				Throckmorton County
				Titus County
				Tom Green County
				Travis County
				Trinity County
				Tyler County
				Upshur County
				Upton County
				Uvalde County
				Val Verde County
				Van Zandt County
				Victoria County
				Walker County
				Waller County
				Ward County
				Washington County
				Webb County
				Wharton County
				Wheeler County
				Wichita County
				Wilbarger County
				Willacy County
				Williamson County
				Wilson County
				Winkler County
				Wise County
				Wood County
				Yoakum County
				Young County
				Zapata County
				Zavala County
			Utah
				{UT}
				Beaver County
				Box Elder County
				Cache County
				Carbon County
				Daggett County
				Davis County
				Duchesne County
				Emery County
				Garfield County
				Grand County
				Iron County
				Juab County
				Kane County
				Millard County
				Morgan County
				Piute County
				Rich County
				Salt Lake County
				San Juan County
				Sanpete County
				Sevier County
				Summit County
				Tooele County
				Uintah County
				Utah County
				Wasatch County
				Washington County
				Wayne County
				Weber County
			Vermont
				{VT}
				Addison County
				Bennington County
				Caledonia County
				Chittenden County
				Essex County
				Franklin County
				Grand Isle County
				Lamoille County
				Orange County
				Orleans County
				Rutland County
				Washington County
				Windham County
				Windsor County
			Virginie
				{VA}
				Accomack County
				Albemarle County
				Alleghany County
				Amelia County
				Amherst County
				Appomattox County
				Arlington County
				Augusta County
				Bath County
				Bedford County
				Bland County
				Botetourt County
				Brunswick County
				Buchanan County
				Buckingham County
				Campbell County
				Caroline County
				Carroll County
				Charles City County
				Charlotte County
				Chesterfield County
				Clarke County
				Craig County
				Culpeper County
				Cumberland County
				Dickenson County
				Dinwiddie County
				Essex County
				Fairfax County
				Fauquier County
				Floyd County
				Fluvanna County
				Franklin County
				Frederick County
				Giles County
				Gloucester County
				Goochland County
				Grayson County
				Greene County
				Greensville County
				Halifax County
				Hanover County
				Henrico County
				Henry County
				Highland County
				Isle of Wight County
				James City County
				King and Queen County
				King George County
				King William County
				Lancaster County
				Lee County
				Loudoun County
				Louisa County
				Lunenburg County
				Madison County
				Mathews County
				Mecklenburg County
				Middlesex County
				Montgomery County
				Nelson County
				New Kent County
				Northampton County
				Northumberland County
				Nottoway County
				Orange County
				Page County
				Patrick County
				Pittsylvania County
				Powhatan County
				Prince Edward County
				Prince George County
				Prince William County
				Pulaski County
				Rappahannock County
				Richmond County
				Roanoke County
				Rockbridge County
				Rockingham County
				Russell County
				Scott County
				Shenandoah County
				Smyth County
				Southampton County
				Spotsylvania County
				Stafford County
				Surry County
				Sussex County
				Tazewell County
				Warren County
				Washington County
				Westmoreland County
				Wise County
				Wythe County
				York County
			Virginie Occidentale
				{WV}
				{West Virginia}
				Barbour County
				Berkeley County
				Boone County
				Braxton County
				Brooke County
				Cabell County
				Calhoun County
				Clay County
				Doddridge County
				Fayette County
				Gilmer County
				Grant County
				Greenbrier County
				Hampshire County
				Hancock County
				Hardy County
				Harrison County
				Jackson County
				Jefferson County
				Kanawha County
				Lewis County
				Lincoln County
				Logan County
				Marion County
				Marshall County
				Mason County
				McDowell County
				Mercer County
				Mineral County
				Mingo County
				Monongalia County
				Monroe County
				Morgan County
				Nicholas County
				Ohio County
				Pendleton County
				Pleasants County
				Pocahontas County
				Preston County
				Putnam County
				Raleigh County
				Randolph County
				Ritchie County
				Roane County
				Summers County
				Taylor County
				Tucker County
				Tyler County
				Upshur County
				Wayne County
				Webster County
				Wetzel County
				Wirt County
				Wood County
				Wyoming County
			Washington
				{WA}
				Adams County
				Asotin County
				Benton County
				Chelan County
				Clallam County
				Clark County
				Columbia County
				Cowlitz County
				Douglas County
				Ferry County
				Franklin County
				Garfield County
				Grant County
				Grays Harbor County
				Island County
				Jefferson County
				King County
				Kitsap County
				Kittitas County
				Klickitat County
				Lewis County
				Lincoln County
				Mason County
				Okanogan County
				Pacific County
				Pend Oreille County
				Pierce County
				San Juan County
				Skagit County
				Skamania County
				Snohomish County
				Spokane County
				Stevens County
				Thurston County
				Wahkiakum County
				Walla Walla County
				Whatcom County
				Whitman County
				Yakima County
			Wisconsin
				{WI}
				Adams County
				Ashland County
				Barron County
				Bayfield County
				Brown County
				Buffalo County
				Burnett County
				Calumet County
				Chippewa County
				Clark County
				Columbia County
				Crawford County
				Dane County
				Dodge County
				Door County
				Douglas County
				Dunn County
				Eau Claire County
				Florence County
				Fond du Lac County
				Forest County
				Grant County
				Green County
				Green Lake County
				Iowa County
				Iron County
				Jackson County
				Jefferson County
				Juneau County
				Kenosha County
				Kewaunee County
				La Crosse County
				Lafayette County
				Langlade County
				Lincoln County
				Manitowoc County
				Marathon County
				Marinette County
				Marquette County
				Menominee County
				Milwaukee County
				Monroe County
				Oconto County
				Oneida County
				Outagamie County
				Ozaukee County
				Pepin County
				Pierce County
				Polk County
				Portage County
				Price County
				Racine County
				Richland County
				Rock County
				Rusk County
				Sauk County
				Sawyer County
				Shawano County
				Sheboygan County
				St. Croix County
				Taylor County
				Trempealeau County
				Vernon County
				Vilas County
				Walworth County
				Washburn County
				Washington County
				Waukesha County
				Waupaca County
				Waushara County
				Winnebago County
				Wood County
			Wyoming
				{WY}
				Albany County
				Big Horn County
				Campbell County
				Carbon County
				Converse County
				Crook County
				Fremont County
				Goshen County
				Hot Springs County
				Johnson County
				Laramie County
				Lincoln County
				Natrona County
				Niobrara County
				Park County
				Platte County
				Sheridan County
				Sublette County
				Sweetwater County
				Teton County
				Uinta County
				Washakie County
				Weston County
		Grenade
			{Grenada}
			{GD}
			{GRD}
		Guatemala
			{GT}
			{GTM}
		Guyana
			{GY}
			{GUY}
		Haïti
			{Haiti}
			{HT}
			{HTI}
		Honduras
			{HN}
			{HND}
		Jamaïque
			{Jamaica}
			{JM}
			{JAM}
		Mexique
			{Mexico}
			{MX}
			{MEX}
		Nicaragua
			{NI}
			{NIC}
		Panama
			{PA}
			{PAN}
		Paraguay
			{PY}
			{PRY}
		Pérou
			{Peru}
			{PE}
			{PER}
		République dominicaine
			{Dominican Republic}
			{DO}
			{DOM}
		Saint-Christophe-et-Niévès
			{Saint Kitts and Nevis}
			{KN}
			{KNA}
		Sainte-Lucie
			{Saint Lucia}
			{LC}
			{LCA}
		Saint-Vincent-et-les Grenadines
			{Saint Vincent and the Grenadines}
			{VC}
			{VCT}
		Salvador
			{El Salvador}
			{SV}
			{SLV}
		Suriname
			{SR}
			{SUR}
		Trinité-et-Tobago
			{Trinidad and Tobago}
			{TT}
			{TTO}
		Uruguay
			{UY}
			{URY}
		Venezuela
			{VE}
			{VEN}
	Asie
		{Asia}
		Afghanistan
			{AF}
			{AFG}
		Arabie saoudite
			{Saudi Arabia}
			{SA}
			{SAU}
		Arménie
			{Armenia}
			{AM}
			{ARM}
		Azerbaïdjan
			{Azerbaijan}
			{AZ}
			{AZE}
		Bahreïn
			{Bahrain}
			{BH}
			{BHR}
		Bangladesh
			{BD}
			{BGD}
		Bhoutan
			{Bhutan}
			{BT}
			{BTN}
		Birmanie
			{Myanmar}
			{MM}
			{MMR}
		Brunei
			{Brunei Darussalam}
			{BN}
			{BRN}
		Cambodge
			{Cambodia}
			{KH}
			{KHM}
		Chine
			{China}
			{CN}
			{CHN}
			Anhui
			Chongqing
			Fujian
			Gansu
			Guangdong
			Guangxi
			Guizhou
			Hainan
			Hebei
			Heilongjiang
			Henan
			Hong Kong
			Hubei
			Hunan
			Jiangsu
			Jiangxi
			Jilin
			Liaoning
			Macao
			Mongolie-Intérieure
			Ningxia
			Pékin
			Qinghai
			Shaanxi
			Shandong
			Shanghai
			Shanxi
			Sichuan
			Tianjin
			Tibet
			Xinjiang
			Yunnan
			Zhejiang
		Corée du Nord
			{North Korea}
			{KP}
			{PRK}
		Corée du Sud
			{South Korea}
			{KR}
			{KOR}
		Émirats arabes unis
			{United Arab Emirates}
			{AE}
			{ARE}
		Géorgie
			{Georgia}
			{GE}
			{GEO}
		Inde
			{India}
			{IN}
			{IND}
			Delhi
				{New Delhi}
				{Territoire de la Capitale nationale de Delhi}
				{National Capital Territory of Delhi}
				New Delhi
			Andhra Pradesh
				Hyderabad
			Arunachal Pradesh
				Itanagar
			Assam
				Dispur
			Bihar
				Patna
				Bhagalpur
				Gaya
			Chhattisgarh
				Raipur
			Goa
				Panjim
			Gujarat
				Gandhinagar
				Ahmedabad
			Haryana
				Chandigarh
				Faridabad
			Himachal Pradesh
				Shimla
			Jammu-et-Cachemire
				{Jammu and Kashmir}
				Jammu
				Srinagar
			Jharkhand
				Ranchi
			Karnataka
				Bangalore
			Kerala
				Thiruvananthapuram
			Madhya Pradesh
				Bhopal
			Maharashtra
				Mumbai
			Manipur
				Imphal
			Meghalaya
				Shillong
			Mizoram
				Aizawl
			Nagaland
				Kohima
			Orissa
				{Odisha}
				Bhubaneswar
			Penjab
				{Punab}
				Chandigarh
			Rajasthan
				Jaipur
				Ajmer
				Bharatpur
				Bikaner
				Bundi
				Chittorgarh
				Jaipur
				Jaisalmer
				Jodhpur
				Sikar
				Udaipur
			Sikkim
				Gangtok
			Tamil Nadu
				Chennai
			Tripura
				Agartala
			Uttaranchal
				{Uttarakhand}
				Dehradun
			Uttar Pradesh
				Lucknow
				Agra
				Varanasi
			Bengale occidental
				{West Bengal}
				Kolkata
					{Calcutta}
		Indonésie
			{Indonesia}
			{ID}
			{IDN}
		Irak
			{Iraq}
			{IQ}
			{IRQ}
		Iran
			{IR}
			{IRN}
		Israël
			{Israel}
			{IL}
			{ISR}
		Japon
			{Japan}
			{JP}
			{JPN}
		Jordanie
			{Jordan}
			{JO}
			{JOR}
		Kazakhstan
			{KZ}
			{KAZ}
		Kirghizistan
			{Kyrgyzstan}
			{KG}
			{KGZ}
		Koweït
			{Kuwait}
			{KW}
			{KWT}
		Kurdistan
		Laos
			{LA}
			{LAO}
		Liban
			{Lebanon}
			{LB}
			{LBN}
		Malaisie
			{Malaysia}
			{MY}
			{MYS}
		Maldives
			{MV}
			{MDV}
		Mongolie
			{Mongolia}
			{MN}
			{MNG}
		Népal
			{Nepal}
			{NP}
			{NPL}
		Oman
			{OM}
			{OMN}
		Ouzbékistan
			{Uzbekistan}
			{UZ}
			{UZB}
		Pakistan
			{PK}
			{PAK}
		Palestine
			{Palestine}
			{PS}
			{PSE}
		Philippines
			{PH}
			{PHL}
		Qatar
			{QA}
			{QAT}
		Singapour
			{Singapore}
			{SG}
			{SGP}
		Sri Lanka
			{LK}
			{LKA}
		Syrie
			{Syria}
			{SY}
			{SYR}
		Tadjikistan
			{Tajikistan}
			{TJ}
			{TJK}
		Thaïlande
			{Thailand}
			{TH}
			{THA}
			Région Centre
				Ang Thong
					{อ่างทอง}
				Ayutthaya
					{พระนครศรีอยุธยา}
				Bangkok
					{กรุงเทพ ฯ}
				Chainat
					{ชัยนาท}
				Kanchanaburi
					{กาญจนบุรี}
					Mueang Kanchanaburi
						{Ville de}
					Sai Yok
					Bo Phloi
					Si Sawat
					Tha Maka
					Tha Muang
					Thong Pha Phum
					Sangkhla Buri
					Phanom Thuan
					Lao Khwan
					Dan Makham Tia
					Nong Prue
					Huai Krachao
				Lopburi
					{ลพบุรี}
					Mueang Lop Buri
						{Ville de}
					Phatthana Nikhom
					Khok Samrong
					Chai Badan
					Tha Wung
					Ban Mi
					Tha Luang
					Sa Bot
					Khok Charoen
					Lam Sonthi
					Nong Muang
				Nakhon Nayok
					{นครนายก}
				Nakhon Pathom
					{นครปฐม}
				Nonthaburi
					{นนทบุรี}
				Pathum Thani
					{ปทุมธานี}
				Phetchaburi
					{เพชรบุรี}
				Prachuap Khiri Khan
					{ประจวบคีรีขันธ์}
				Ratchaburi
					{ราชบุรี}
				Samut Prakan
					{สมุทรปราการ}
				Samut Sakhon
					{สมุทรสาคร}
				Samut Songkhram
					{สมุทรสงคราม}
				Saraburi
					{สระบุรี}
				Singburi
					{สิงห์บุรี}
				Suphanburi
					{สุพรรณบุรี}
					Mueang Suphan Buri
						{Ville de}
					Doem Bang Nang Buat
					Dan Chang
					Bang Pla Ma
					Si Prachan
					Don Chedi
					Song Phi Nong
					Sam Chuk
					U Thong
					Nong Ya Sai
			Région Est
				Chachoengsao
					{ฉะเชิงเทรา}
				Chanthaburi
					{จันทบุรี}
				Chonburi
					{ชลบุรี}
					 Mueang Chonburi
						{Ville de}
					 Ban Bueng
					 Nong Yai
					 Bang Lamung
					 Phan Thong
					 Phanat Nikhom
					 Si Racha
					 Ko Sichang
					 Sattahip
					 Bo Thong
					 Ko Chan
				Prachinburi
					{ปราจีนบุรี}
				Rayong
					{ระยอง}
				Sa Kaeo
					{สระแก้ว}
					Mueang Sa Kaeo
						{Ville de}
					Khlong Hat
					Ta Phraya
					Wang Nam Yen
					Watthana Nakhon
					Aranyaprathet
					Khao Chakan
					Khok Sung
					Wang Sombun
				Trat
					{ตราด}
					 Mueang Trat
						{Ville de}
					 Khlong Yai
					 Khao Saming
					 Bo Rai
					 Laem Ngop
					 Ko Kut
					 Ko Chang
			Région Nord
				Chiang Mai
					{เชียงใหม่}
					Chai Prakan
					Chiang Dao
					Chom Thong
					Doi Saket
					Doi Tao
					Fang
					Hang Dong
					Hot
					Mae Ai
					Mae Chaem
					Mae Rim
					Mae Taeng
					Mae Wang
					Mueang Chiang Mai
						{Ville de}
					Omkoi
					Phrao
					Samoeng
					San Kamphaeng
					San Pa Tong
					San Sai
					Saraphi
					Wiang Haeng
				Chiang Rai
					{เชียงราย}
				Kamphaeng Phet
					{กำแพงเพชร}
				Lampang
					{ลำปาง}
					Mueang Lampang
						{Ville de }
					Mae Mo
					Ko Kha
					Soem Ngam
					Ngao
					Chae Hom
					Wang Nuea
					Thoen
					Mae Phrik
					Mae Tha
					Sop Prap
					Hang Chat
					Mueang Pan
				Lamphun
					{ลำพูน}
				Mae Hong Son
					{แม่ฮ่องสอน}
				Nakhon Sawan
					{นครสวรรค์}
				Nan
					{น่าน}
					Mueang Nan
						{Ville de}
					Mae Charim
					Ban Luang
					Na Noi
					Pua
					Tha Wang Pha
					Wiang Sa
					Thung Chang
					Chiang Klang
					Na Muen
					Santi Suk
					Bo Kluea
					Song Khwae
					Chaloem Phra Kiat
					Phu Phiang
				Phayao
					{พะเยา}
				Phetchabun
					{เพชรบูรณ์}
				Phichit
					{พิจิตร}
				Phitsanulok
					{พิษณุโลก}
					Mueang Phitsanulok
						{Ville de}
					Nakhon Thai
					Chat Trakan
					Bang Rakam
					Bang Krathum
					Phrom Phiram
					Wat Bot
					Wang Thong
					Noen Maprang
				Phrae
					{แพร่}
					Mueang Phrae
						{Ville de}
					Rongkwang
					Long
					Soongmen
					Denchai
					Song
					Wangchin
					Nong muong kai
				Sukhothai
					{สุโขทัย}
				Tak
					{ตาก}
					Mueang Tak
						{Ville de}
					Ban Tak
					Sam Ngao
					Mae Ramat
					Tha Song Yang
					Mae Sot
					Phop Phra
					Umphang
					Wang Chao
				Uthai Thani
					{อุทัยธานี}
				Uttaradit
					{อุตรดิตถ์}
					Mueang Uttaradit
						{Ville de}
					Tron
					Tha Pla
					Nam Pat
					Fak Tha
					Ban Khok
					Phichai
					Laplae
					Thong Saen Khan
			Région Nord-Est
				{Isan}
				{อีสาน}
				Amnat Charoen
					{อำนาจเจริญ}
				Bueng Kan
					{บึงกาฬ}
				Buriram
					{บุรีรัมย์}
				Chaiyaphum
					{ชัยภูมิ}
				Kalasin
					{กาฬสินธุ์}
				Khon Kaen
					{ขอนแก่น}
				Loei
					{เลย}
				Maha Sarakham
					{มหาสารคาม}
				Mukdahan
					{มุกดาหาร}
				Nakhon Phanom
					{นครพนม}
				Nakhon Ratchasima
					{นครราชสีมา}
				Nong Bua Lamphu
					{หนองบัวลำภู}
				Nong Khai
					{หนองคาย}
				Roi Et
					{ร้อยเอ็ด}
					 Mueang Roi Et
						{Ville de}
					 Kaset Wisai
					 Pathum Rat
					 Chaturaphak Phiman
					 Thawat Buri
					 Phanom Phrai
					 Phon Thong
					 Pho Chai
					 Nong Phok
					 Selaphum
					 Suwannaphum
					 Mueang Suang
						{Ville de}
					 Phon Sai
					 At Samat
					 Moei Wadi
					 Si Somdet
					 Changhan
					 Chiang Khwan
					 Nong Hi
					 Thung Khao Luang
				Sakhon Nakhon
					{สกลนคร}
				Si Saket
					{ศรีสะเกษ}
				Surin
					{สุรินทร์}
				Ubon Ratchathani
					{อุบลราชธานี}
				Udon Thani
					{อุดรธานี}
				Yasothon
					{ยโสธร}
			Région Sud
				Chumpon
					{ชุมพร}
					Mueang Chumphon
						{ville de}
					Tha Sae
					Pathio
					Lang Suan
					Lamae
					Phato
					Sawi
					Thung Tako
				Krabi
				{กระบี่}
					Mueang Krabi
						{ville de}
					Khao Phanom
					Ko Lanta
					Khlong Thom
					Ao Luek
					Plai Phraya
					Lam Thap
					Nuea Khlong
				Nakhon Si Thammarat
					{นครศรีธรรมราช}
				Narathiwat
					{นราธิวาส}
					Mueang Narathiwat
						{Ville de}
					Tak Bai
					Bacho
					Yi-ngo
					Ra-ngae
					Rueso
					Si Sakhon
					Waeng
					Sukhirin
					Su-ngai Kolok
					Su-ngai Padi
					Chanae
					Cho-airong
				Pattani
					{ปัตตานี}
				Phang Nga
					{พังงา}
					Mueang Phang Nga
						{Ville de}
					Ko Yao
					Kapong
					Takua Thung
					Takua Pa
					Khura Buri
					Thap Put
					Thai Mueang
				Phatthalung
					{พัทลุง}
				Phuket
					{ภูเก็ต}
					Mueang Phuket
						{Ville de}
					Kathu
					Thalang
				Ranong
					{ระนอง}
					Mueang Ranong
						{Ville de }
					La-un
					Kapoe
					Kra Buri
					Suk Samran
				Satun
					{สตูล}
				Songkhla
					{สงขลา}
					Mueang Songkhla
						{Ville de}
					Sathing Phra
					Chana
					Na Thawi
					Thepha
					Saba Yoi
					Ranot
					Krasae Sin
					Rattaphum
					Sadao
					Hat Yai
					Na Mom
					Khuan Niang
					Bang Klam
					Singhanakhon
					Khlong Hoi Khong
				Surat Thani
					{สุราษฎร์ธานี}
				Trang
					{ตรัง}
				Yala
					{ยะลา}
		Tibet
		Timor oriental
			{East Timor}
			{TL}
			{TLZ}
		Turkménistan
			{TM}
			{TKM}
		Turquie
			{Turkey}
			{TR}
			{TUR}
		Viêt Nam
			{Viet Nam}
			{VN}
			{VNM}
		Yémen
			{Yemen}
			{YE}
			{YEM}
	Europe
		Albanie
			{Albania}
			{AL}
			{ALB}
		Allemagne
			{Germany}
			{DE}
			{DEU}
		Andorre
			{Andorra}
			{AD}
			{AND}
		Autriche
			{Austria}
			{AT}
			{AUT}
		Belgique
			{Belgium}
			{BE}
			{BEL}
			Belgique
			Bruxelles-Capitale
				Bruxelles-Capitale
			Flandre
				Anvers
				Brabant-flamand
				Flandre-Occidentale
				Flandre-Orientale
				Limbourg
			Wallonie
				Brabant-wallon
				Hainaut
				Liege
				Luxembourg
				Namur
		Biélorussie
			{Belarus}
			{BY}
			{BLR}
		Bosnie-Herzégovine
			{Bosnia and Herzegovina}
			{BA}
			{BIH}
		Bulgarie
			{Bulgaria}
			{BG}
			{BGR}
		Chypre
			{Cyprus}
			{CY}
			{CYP}
		Croatie
			{Croatia}
			{HR}
			{HRV}
		Danemark
			{Denmark}
			{DK}
			{DNK}
		Espagne
			{Spain}
			{ES}
			{ESP}
		Estonie
			{Estonia}
			{EE}
			{EST}
		Finlande
			{Finland}
			{FI}
			{FIN}
		France
			{FR}
			{FRA}
			Alsace
				Bas-Rhin
				Haut-Rhin
			Aquitaine
				Dordogne
				Gironde
				Landes
				Lot-et-Garonne
				Pyrenées Atlantiques
			Auvergne
				Allier
				Cantal
				Haute-Loire
				Puy-de-Dôme
			Basse-Normandie
				Calvados
				Manche
				Orne
			Bourgogne
				Côte-d'Or
				Nièvre
				Saône-et-Loire
				Yonne
			Bretagne
				Côtes-d'Armor
				Finistère
				lle-et-Vilaine
				Morbihan
			Centre
				Cher
				Eure-et-Loir
				Indre
				Indre-et-Loire
				Loiret
				Loir-et-Cher
			Champagne-Ardenne
				Ardennes
				Aube
				Haute-Marne
				Marne
			Collectivités et territoires d'Outre-Mer
				{TOM}
				Nouvelle-Calédonie
				Polynésie Française
				Terres Australes et Antarctiques
				Wallis-et-Futuna
			Corse
				Corse-du-Sud
				Haute-Corse
			Departements d'Outre-Mer
				{DOM}
				Guadeloupe
				Guyane
				La Réunion
				Martinique
				Mayotte
				Saint-Pierre-et-Miquelon
			Franche-Comte
				Doubs
				Haute-Saône
				Jura
				Territoire de Belfort
			Haute-Normandie
				Eure
				Seine-Maritime
			Île-de-France
				Essonne
				Hauts-de-Seine
				Paris
				Seine-et-Marne
				Seine-Saint-Denis
				Val-de-Marne
				Val-d'Oise
				Yvelines
			Languedoc-Roussillon
				Aude
				Gard
				Herault
				Lozère
				Pyrenées-Orientales
			Limousin
				Corrèze
				Creuse
				Haute-Vienne
			Lorraine
				Meurthe-et-Moselle
				Meuse
				Moselle
				Vosges
			Midi-Pyrenées
				Ariège
				Aveyron
				Gers
				Haute-Garonne
				Hautes-Pyrenées
				Lot
				Tarn
				Tarn-et-Garonne
			Nord-Pas-de-Calais
				Nord
				Pas-de-Calais
			Pays de la Loire
				Loire-Atlantique
				Maine-et-Loire
				Mayenne
				Sarthe
				Vendée
			Picardie
				Aisne
				Oise
				Somme
			Poitou-Charentes
				Charente
				Charente-Maritime
				Deux-Sèvres
				Vienne
			Provence-Alpes-Cote-d'Azur
				Alpes-de-Haute-Provence
				Alpes-Maritimes
				Bouches-du-Rhône
				Hautes-Alpes
				Var
				Vaucluse
			Rhône-Alpes
				Ain
				Ardèche
				Drôme
				Haute-Savoie
				Isère
				Loire
				Rhône
				Savoie
		Grèce
			{Greece}
			{GR}
			{GRC}
		Hongrie
			{Hungary}
			{HU}
			{HUN}
		Irlande
			{Ireland}
			{IE}
			{IRL}
		Islande
			{Iceland}
			{IS}
			{ISL}
		Italie
			{Italy}
			{IT}
			{ITA}
			Abruzzes
				Chieti 
				L'Aquila 
				Pescara 
				Teramo 
			Basilicate 
				Matera 
				Potenza 
			Calabre 
				Catanzaro 
				Cosenza 
				Crotone 
				Reggio de Calabre 
				Vibo Valentia 
			Campanie 
				Avellino 
				Benevent 
				Caserte 
				Naples 
				Salerne 
			Emilie Romagne 
				Bologne 
				Ferrare 
				Forli-Cesena 
				Modene 
				Parme 
				Piacenza 
				Ravenne 
				Reggio-Emilia 
				Rimini 
			Frioul-Vénétie Julienne 
				Gorizia 
				Pordenone 
				Trieste 
				Udine 
			Lazio 
				Frosinone 
				Latina 
				Rieti 
				Rome 
				Viterbe 
			Ligurie 
				Genes 
				Imperia 
				La-Spezia 
				Savone 
			Lombardie 
				Bergame 
				Brescia 
				Come 
				Cremone 
				Lecco 
				Lodi 
				Mantoue 
				Milan 
				Monza-et-Brianza 
				Pavie 
				Sondrio 
				Varese 
			Marches 
				Ancone 
				Ascoli-Piceno 
				Fermo 
				Macerata 
				Pesaro-et-Urbino 
			Molise 
				Campobasso 
				Isernia 
			Ombrie 
				Perouse 
				Terni 
			Piemont 
				Alexandrie 
				Asti 
				Biella 
				Coni 
				Novare 
				Turin 
				Verbano-Cusio-Ossola 
				Verceil 
			Pouilles 
				Bari 
				Barletta-Andria-Trani 
				Brindisi 
				Foggia 
				Lecce 
				Tarente 
			Sardaigne
				Ogliastra 
				Cagliari 
				Carbonia-Iglesias 
				Medio-Campidano 
				Nuoro 
				Olbia-Tempio 
				Oristano 
				Sassari 
			Sicile 
				Agrigente 
				Caltanissetta 
				Catane 
				Enna 
				Messine 
				Palerme 
				Raguse 
				Syracuse 
				Trapani 
			Toscane 
				Arezzo 
				Florence 
				Grosseto 
				Livourne 
				Lucques 
				Massa-Carrara 
				Pise 
				Pistoia 
				Prato 
				Sienne 
			Trentin-Haut-Adige 
				Bolzano 
				Trente 
			Vallée d'Aoste 
				Aoste 
			Venetie 
				Padoue 
				Trevise 
				Venise 
				Verone 
				Vicence 
				Belluno 
				Rovigo
		Lettonie
			{Latvia}
			{LV}
			{LVA}
		Liechtenstein
			{LI}
			{LIE}
		Lituanie
			{Lithuania}
			{LT}
			{LTU}
		Luxembourg
			{LU}
			{LUX}
		Macédoine
			{Macedonia}
			{MK}
			{MKD}
		Malte
			{Malta}
			{MT}
			{MLT}
		Moldavie
			{Moldova}
			{MD}
			{MDA}
		Monaco
			{MC}
			{MCO}
		Monténégro
			{Montenegro}
			{ME}
			{MNE}
		Norvège
			{Norway}
			{NO}
			{NOR}
		Pays-Bas
			{Netherlands}
			{NL}
			{NLD}
		Pologne
			{Poland}
			{PL}
			{POL}
		Portugal
			{PT}
			{PRT}
		République tchèque
			{Czech Republic}
			{CZ}
			{CZE}
		Roumanie
			{Romania}
			{RO}
			{ROU}
		Royaume-Uni
			{United Kingdom}
			{GB}
			{GR}
		Russie
			{Russia}
			{RU}
			{RUS}
		Saint-Marin
			{San Marino}
			{SM}
			{SMR}
		Serbie
			{Serbia}
			{RS}
			{SRB}
		Slovaquie
			{Slovakia}
			{SK}
			{SVK}
		Slovénie
			{Slovenia}
			{SI}
			{SVN}
		Suède
			{Sweden}
			{SE}
			{SWE}
		Suisse
			{Switzerland}
			{CH}
			{CHE}
			Appenzell-Rhodes-Exterieures
			Appenzell-Rhodes-Interieures 
				Appenzell
				Gonten
				Oberegg
				Rute
				Schlatt-Haslen
				Schwende
			Argovie
				Aarau 
				Baden 
				Bremgarten 
				Brugg 
				Kulm 
				Laufenburg 
				Lenzburg 
				Muri 
				Rheinfelden 
				Zofingue 
				Zurzach 
			Bale-Campagne
				Arlesheim 
				Laufon 
				Liestal 
				Sissach 
				Waldenburg 
			Bâle-Ville
			Berne
				Jura-Bernois
				Bienne
				Seeland
				Haute-Argovie
				Emmental
				Berne-Mittelland
				Thoune
				Haut-Simmental-Gessenay
				Frutigen-Bas-Simmental
				Interlaken-Oberhasli
			Fribourg
				Broye 
				Glane 
				Gruyere 
				Lac 
				Sarine 
				Singine 
				Veveyse 
			Genève
			Glaris
			Grisons
				Albula 
				Bernina 
				Hinterrhein 
				Imboden 
				Inn 
				Landquart 
				Maloja 
				Moesa 
				Plessur 
				Prattigau-Davos 
				Surselva 
			Jura
				Delemont 
				Franches-Montagnes 
				Porrentruy 
			Lucerne
				Entlebuch 
				Hochdorf 
				Lucerne 
				Sursee 
				Willisau 
			Neuchatel
				Boudry 
				District-du-Locle 
				La-Chaux-de-Fonds 
				Neuchatel 
				Val-de-Ruz 
				Val-de-Travers 
			Nidwald
			Obwald
			Saint-Gall 
				Rheintal 
				Rorschach 
				Saint-Gall 
				Sarganserland 
				See-Gaster 
				Toggenburg 
				Werdenberg 
				Wil 
			Schaffouse
			Schwytz
				Einsiedeln 
				Gersau 
				Hofe 
				Kussnacht 
				March 
				Schwytz 
			Soleure 
				Bucheggberg 
				Dorneck 
				Gau 
				Gosgen 
				Lebern 
				Olten 
				Soleure 
				Thal 
				Thierstein 
				Wasseramt 
			Tessin 	
				Bellinzone 
				Blenio 
				Leventine 
				Locarno 
				Lugano 
				Mendrisio 
				Riviera 
				Vallemaggia 
			Thurgovie 
				Arbon 
				Bischofszell 
				Diessenhofen 
				Frauenfeld 
				Kreuzlingen 
				Munchwilen 
				Steckborn 
				Weinfelden 
			Uri
			Valais 
				Brigue 
				Conches 
				Conthey 
				Entremont 
				Herens 
				Loeche 
				Martigny 
				Monthey 
				Rarogne-occidental 
				Rarogne-oriental 
				Saint-Maurice 
				Sierre 
				Sion 
				Viege 
			Vaud 
				Aigle 
				Broye-Vully 
				Gros-de-Vaud 
				Jura-Nord-vaudois 
				Lausanne 
				Lavaux-Oron 
				Morges 
				Nyon 
				Ouest-lausannois 
				Riviera-Pays-d'Enhaut 
			Zoug
			Zurich 
				Affoltern 
				Andelfingen 
				Bulach 
				Dielsdorf 
				Dietikon 
				Hinwil 
				Horgen 
				Meilen 
				Pfaffikon 
				Uster 
				Winterthour 
				Zurich
		Ukraine
			{UA}
			{UKR}
		Vatican
			{Vatican City}
			{VA}
			{VAT}
	Océanie
		{Oceania}
		Australie
			{Australia}
			{AU}
			{AUS}
		Fidji
			{Fiji}
			{FI}
			{FJI}
		Kiribati
			{KI}
			{KIR}
		Marshall
			{Îles Marshall}
			{Marshall Islands}
			{MH}
			{MHL}
		Micronésie
			{Micronesia}
			{FM}
			{FSM}
		Nauru
			{NR}
			{NRU}
		Nouvelle-Zélande
			{New Zealand}
			{NZ}
			{NZL}
		Palaos
			{Palau}
			{PW}
			{PLW}
		Papouasie-Nouvelle-Guinée
			{Papua New Guinea}
			{PG}
			{PNG}
		Salomon
			{Îles Salomon}
			{Solomon Islands}
			{SB}
			{SLB}
		Samoa
			{WS}
			{WSM}
		Tonga
			{TO}
			{TON}
		Tuvalu
			{TV}
			{TUV}
		Vanuatu
			{VU}
			{VUT}
